{
  "weights": {
    "lgb": 0.33300492559438805,
    "xgb": 0.33134788813477706,
    "cat": 0.33564718627083495
  },
  "auc_scores": {
    "lgb": 0.8176741367858695,
    "xgb": 0.8136053781271475,
    "cat": 0.8241620534853618
  }
}